Date,Symbol,Shares
2015-01-01,AAPL,232
2015-01-01,ABBV,191
2015-01-01,BAC,162
2015-01-01,COST,61
2015-01-01,EUR,53
2015-01-01,FB,97
2015-01-01,GBP,89
2015-01-01,GOOGL,54
2015-01-01,GS,148
2015-01-01,INTC,221
2015-01-01,JNJ,144
2015-01-01,JPM,223
2015-01-01,JPY,118
2015-01-01,KO,154
2015-01-01,MS,143
2015-01-01,MSFT,134
2015-01-01,NVDA,63
2015-01-01,PFE,134
2015-01-01,PG,137
2015-01-01,QQQ,195
2015-01-01,SPY,209
2015-01-01,UNH,177
2015-01-01,VUG,199
2015-01-01,WMT,57
2015-01-01,XLF,77
2015-01-01,XLV,96
2015-02-01,AAPL,232
2015-02-01,ABBV,191
2015-02-01,BAC,162
2015-02-01,COST,61
2015-02-01,EUR,53
2015-02-01,FB,97
2015-02-01,GBP,86
2015-02-01,GOOGL,54
2015-02-01,GS,148
2015-02-01,INTC,221
2015-02-01,JNJ,144
2015-02-01,JPM,223
2015-02-01,JPY,118
2015-02-01,KO,154
2015-02-01,MS,143
2015-02-01,MSFT,134
2015-02-01,NVDA,179
2015-02-01,PFE,134
2015-02-01,PG,137
2015-02-01,QQQ,195
2015-02-01,SPY,209
2015-02-01,UNH,177
2015-02-01,VUG,199
2015-02-01,WMT,57
2015-02-01,XLF,77
2015-02-01,XLV,96
2015-03-01,AAPL,232
2015-03-01,ABBV,191
2015-03-01,BAC,162
2015-03-01,COST,61
2015-03-01,EUR,53
2015-03-01,FB,97
2015-03-01,GBP,86
2015-03-01,GOOGL,54
2015-03-01,GS,148
2015-03-01,INTC,221
2015-03-01,JNJ,144
2015-03-01,JPM,223
2015-03-01,JPY,204
2015-03-01,KO,154
2015-03-01,MS,143
2015-03-01,MSFT,134
2015-03-01,NVDA,179
2015-03-01,PFE,134
2015-03-01,PG,137
2015-03-01,QQQ,195
2015-03-01,SPY,209
2015-03-01,UNH,177
2015-03-01,VUG,199
2015-03-01,WMT,57
2015-03-01,XLF,77
2015-03-01,XLV,96
2015-04-01,AAPL,232
2015-04-01,ABBV,191
2015-04-01,BAC,162
2015-04-01,COST,61
2015-04-01,EUR,53
2015-04-01,FB,97
2015-04-01,GBP,86
2015-04-01,GOOGL,54
2015-04-01,GS,148
2015-04-01,INTC,221
2015-04-01,JNJ,144
2015-04-01,JPM,223
2015-04-01,JPY,204
2015-04-01,KO,154
2015-04-01,MS,143
2015-04-01,MSFT,134
2015-04-01,NVDA,179
2015-04-01,PFE,134
2015-04-01,PG,137
2015-04-01,QQQ,195
2015-04-01,SPY,209
2015-04-01,UNH,177
2015-04-01,VUG,199
2015-04-01,WMT,57
2015-04-01,XLF,77
2015-04-01,XLV,96
2015-05-01,AAPL,232
2015-05-01,ABBV,191
2015-05-01,BAC,162
2015-05-01,COST,61
2015-05-01,EUR,196
2015-05-01,FB,97
2015-05-01,GBP,86
2015-05-01,GOOGL,54
2015-05-01,GS,148
2015-05-01,INTC,221
2015-05-01,JNJ,144
2015-05-01,JPM,223
2015-05-01,JPY,204
2015-05-01,KO,154
2015-05-01,MS,143
2015-05-01,MSFT,203
2015-05-01,NVDA,179
2015-05-01,PFE,134
2015-05-01,PG,137
2015-05-01,QQQ,195
2015-05-01,SPY,209
2015-05-01,UNH,177
2015-05-01,VUG,199
2015-05-01,WMT,57
2015-05-01,XLF,77
2015-05-01,XLV,96
2015-06-01,AAPL,232
2015-06-01,ABBV,191
2015-06-01,BAC,162
2015-06-01,COST,61
2015-06-01,EUR,196
2015-06-01,FB,97
2015-06-01,GBP,86
2015-06-01,GOOGL,54
2015-06-01,GS,148
2015-06-01,INTC,221
2015-06-01,JNJ,144
2015-06-01,JPM,223
2015-06-01,JPY,204
2015-06-01,KO,154
2015-06-01,MS,143
2015-06-01,MSFT,203
2015-06-01,NVDA,179
2015-06-01,PFE,134
2015-06-01,PG,137
2015-06-01,QQQ,195
2015-06-01,SPY,209
2015-06-01,UNH,129
2015-06-01,VUG,199
2015-06-01,WMT,57
2015-06-01,XLF,77
2015-06-01,XLV,96
2015-07-01,AAPL,232
2015-07-01,ABBV,191
2015-07-01,BAC,131
2015-07-01,COST,61
2015-07-01,EUR,196
2015-07-01,FB,97
2015-07-01,GBP,86
2015-07-01,GOOGL,54
2015-07-01,GS,148
2015-07-01,INTC,221
2015-07-01,JNJ,144
2015-07-01,JPM,223
2015-07-01,JPY,204
2015-07-01,KO,154
2015-07-01,MS,143
2015-07-01,MSFT,203
2015-07-01,NVDA,179
2015-07-01,PFE,134
2015-07-01,PG,137
2015-07-01,QQQ,195
2015-07-01,SPY,209
2015-07-01,UNH,129
2015-07-01,VUG,199
2015-07-01,WMT,57
2015-07-01,XLF,162
2015-07-01,XLV,96
2015-08-01,AAPL,232
2015-08-01,ABBV,191
2015-08-01,BAC,131
2015-08-01,COST,61
2015-08-01,EUR,196
2015-08-01,FB,97
2015-08-01,GBP,86
2015-08-01,GOOGL,54
2015-08-01,GS,148
2015-08-01,INTC,221
2015-08-01,JNJ,144
2015-08-01,JPM,223
2015-08-01,JPY,204
2015-08-01,KO,154
2015-08-01,MS,143
2015-08-01,MSFT,203
2015-08-01,NVDA,179
2015-08-01,PFE,134
2015-08-01,PG,137
2015-08-01,QQQ,195
2015-08-01,SPY,209
2015-08-01,UNH,191
2015-08-01,VUG,199
2015-08-01,WMT,57
2015-08-01,XLF,162
2015-08-01,XLV,96
2015-09-01,AAPL,232
2015-09-01,ABBV,191
2015-09-01,BAC,131
2015-09-01,COST,61
2015-09-01,EUR,196
2015-09-01,FB,97
2015-09-01,GBP,86
2015-09-01,GOOGL,54
2015-09-01,GS,148
2015-09-01,INTC,221
2015-09-01,JNJ,144
2015-09-01,JPM,223
2015-09-01,JPY,204
2015-09-01,KO,154
2015-09-01,MS,143
2015-09-01,MSFT,203
2015-09-01,NVDA,179
2015-09-01,PFE,134
2015-09-01,PG,137
2015-09-01,QQQ,195
2015-09-01,SPY,209
2015-09-01,UNH,184
2015-09-01,VUG,199
2015-09-01,WMT,57
2015-09-01,XLF,162
2015-09-01,XLV,96
2015-10-01,AAPL,232
2015-10-01,ABBV,191
2015-10-01,BAC,131
2015-10-01,COST,61
2015-10-01,EUR,196
2015-10-01,FB,97
2015-10-01,GBP,86
2015-10-01,GOOGL,54
2015-10-01,GS,148
2015-10-01,INTC,221
2015-10-01,JNJ,144
2015-10-01,JPM,223
2015-10-01,JPY,204
2015-10-01,KO,154
2015-10-01,MS,143
2015-10-01,MSFT,203
2015-10-01,NVDA,179
2015-10-01,PFE,134
2015-10-01,PG,137
2015-10-01,QQQ,195
2015-10-01,SPY,209
2015-10-01,UNH,184
2015-10-01,VUG,199
2015-10-01,WMT,57
2015-10-01,XLF,162
2015-10-01,XLV,96
2015-11-01,AAPL,232
2015-11-01,ABBV,113
2015-11-01,BAC,131
2015-11-01,COST,61
2015-11-01,EUR,196
2015-11-01,FB,97
2015-11-01,GBP,86
2015-11-01,GOOGL,54
2015-11-01,GS,148
2015-11-01,INTC,221
2015-11-01,JNJ,144
2015-11-01,JPM,223
2015-11-01,JPY,204
2015-11-01,KO,154
2015-11-01,MS,143
2015-11-01,MSFT,203
2015-11-01,NVDA,179
2015-11-01,PFE,134
2015-11-01,PG,137
2015-11-01,QQQ,52
2015-11-01,SPY,209
2015-11-01,UNH,184
2015-11-01,VUG,199
2015-11-01,WMT,57
2015-11-01,XLF,162
2015-11-01,XLV,96
2015-12-01,AAPL,232
2015-12-01,ABBV,209
2015-12-01,BAC,131
2015-12-01,COST,61
2015-12-01,EUR,196
2015-12-01,FB,97
2015-12-01,GBP,86
2015-12-01,GOOGL,54
2015-12-01,GS,148
2015-12-01,INTC,61
2015-12-01,JNJ,214
2015-12-01,JPM,223
2015-12-01,JPY,204
2015-12-01,KO,154
2015-12-01,MS,143
2015-12-01,MSFT,203
2015-12-01,NVDA,179
2015-12-01,PFE,134
2015-12-01,PG,137
2015-12-01,QQQ,52
2015-12-01,SPY,209
2015-12-01,UNH,184
2015-12-01,VUG,199
2015-12-01,WMT,57
2015-12-01,XLF,162
2015-12-01,XLV,96
2016-01-01,AAPL,232
2016-01-01,ABBV,209
2016-01-01,BAC,131
2016-01-01,COST,61
2016-01-01,EUR,196
2016-01-01,FB,97
2016-01-01,GBP,86
2016-01-01,GOOGL,54
2016-01-01,GS,148
2016-01-01,INTC,61
2016-01-01,JNJ,214
2016-01-01,JPM,223
2016-01-01,JPY,204
2016-01-01,KO,154
2016-01-01,MS,143
2016-01-01,MSFT,203
2016-01-01,NVDA,179
2016-01-01,PFE,134
2016-01-01,PG,137
2016-01-01,QQQ,52
2016-01-01,SPY,209
2016-01-01,UNH,184
2016-01-01,VUG,199
2016-01-01,WMT,57
2016-01-01,XLF,162
2016-01-01,XLV,96
2016-02-01,AAPL,232
2016-02-01,ABBV,209
2016-02-01,BAC,131
2016-02-01,COST,61
2016-02-01,EUR,196
2016-02-01,FB,97
2016-02-01,GBP,86
2016-02-01,GOOGL,54
2016-02-01,GS,148
2016-02-01,INTC,61
2016-02-01,JNJ,214
2016-02-01,JPM,223
2016-02-01,JPY,204
2016-02-01,KO,154
2016-02-01,MS,119
2016-02-01,MSFT,203
2016-02-01,NVDA,179
2016-02-01,PFE,134
2016-02-01,PG,137
2016-02-01,QQQ,52
2016-02-01,SPY,209
2016-02-01,UNH,184
2016-02-01,VUG,199
2016-02-01,WMT,115
2016-02-01,XLF,162
2016-02-01,XLV,96
2016-03-01,AAPL,232
2016-03-01,ABBV,209
2016-03-01,BAC,131
2016-03-01,COST,61
2016-03-01,EUR,196
2016-03-01,FB,97
2016-03-01,GBP,86
2016-03-01,GOOGL,54
2016-03-01,GS,148
2016-03-01,INTC,61
2016-03-01,JNJ,214
2016-03-01,JPM,223
2016-03-01,JPY,204
2016-03-01,KO,154
2016-03-01,MS,119
2016-03-01,MSFT,203
2016-03-01,NVDA,179
2016-03-01,PFE,220
2016-03-01,PG,137
2016-03-01,QQQ,52
2016-03-01,SPY,209
2016-03-01,UNH,184
2016-03-01,VUG,199
2016-03-01,WMT,115
2016-03-01,XLF,162
2016-03-01,XLV,96
2016-04-01,AAPL,232
2016-04-01,ABBV,209
2016-04-01,BAC,131
2016-04-01,COST,61
2016-04-01,EUR,196
2016-04-01,FB,97
2016-04-01,GBP,86
2016-04-01,GOOGL,54
2016-04-01,GS,148
2016-04-01,INTC,61
2016-04-01,JNJ,214
2016-04-01,JPM,223
2016-04-01,JPY,204
2016-04-01,KO,154
2016-04-01,MS,119
2016-04-01,MSFT,203
2016-04-01,NVDA,179
2016-04-01,PFE,220
2016-04-01,PG,137
2016-04-01,QQQ,52
2016-04-01,SPY,209
2016-04-01,UNH,184
2016-04-01,VUG,199
2016-04-01,WMT,115
2016-04-01,XLF,162
2016-04-01,XLV,96
2016-05-01,AAPL,232
2016-05-01,ABBV,147
2016-05-01,BAC,131
2016-05-01,COST,61
2016-05-01,EUR,196
2016-05-01,FB,97
2016-05-01,GBP,86
2016-05-01,GOOGL,54
2016-05-01,GS,148
2016-05-01,INTC,61
2016-05-01,JNJ,214
2016-05-01,JPM,223
2016-05-01,JPY,204
2016-05-01,KO,154
2016-05-01,MS,119
2016-05-01,MSFT,203
2016-05-01,NVDA,179
2016-05-01,PFE,220
2016-05-01,PG,137
2016-05-01,QQQ,52
2016-05-01,SPY,209
2016-05-01,UNH,184
2016-05-01,VUG,199
2016-05-01,WMT,115
2016-05-01,XLF,162
2016-05-01,XLV,96
2016-06-01,AAPL,232
2016-06-01,ABBV,62
2016-06-01,BAC,131
2016-06-01,COST,61
2016-06-01,EUR,196
2016-06-01,FB,97
2016-06-01,GBP,86
2016-06-01,GOOGL,54
2016-06-01,GS,148
2016-06-01,INTC,61
2016-06-01,JNJ,70
2016-06-01,JPM,223
2016-06-01,JPY,204
2016-06-01,KO,154
2016-06-01,MS,119
2016-06-01,MSFT,203
2016-06-01,NVDA,179
2016-06-01,PFE,220
2016-06-01,PG,137
2016-06-01,QQQ,52
2016-06-01,SPY,209
2016-06-01,UNH,184
2016-06-01,VUG,199
2016-06-01,WMT,115
2016-06-01,XLF,162
2016-06-01,XLV,96
2016-07-01,AAPL,232
2016-07-01,ABBV,62
2016-07-01,BAC,131
2016-07-01,COST,61
2016-07-01,EUR,196
2016-07-01,FB,97
2016-07-01,GBP,86
2016-07-01,GOOGL,54
2016-07-01,GS,148
2016-07-01,INTC,61
2016-07-01,JNJ,70
2016-07-01,JPM,223
2016-07-01,JPY,204
2016-07-01,KO,154
2016-07-01,MS,119
2016-07-01,MSFT,203
2016-07-01,NVDA,179
2016-07-01,PFE,220
2016-07-01,PG,137
2016-07-01,QQQ,52
2016-07-01,SPY,209
2016-07-01,UNH,184
2016-07-01,VUG,199
2016-07-01,WMT,115
2016-07-01,XLF,162
2016-07-01,XLV,96
2016-08-01,AAPL,232
2016-08-01,ABBV,62
2016-08-01,BAC,131
2016-08-01,COST,61
2016-08-01,EUR,196
2016-08-01,FB,97
2016-08-01,GBP,86
2016-08-01,GOOGL,54
2016-08-01,GS,148
2016-08-01,INTC,61
2016-08-01,JNJ,70
2016-08-01,JPM,223
2016-08-01,JPY,204
2016-08-01,KO,154
2016-08-01,MS,119
2016-08-01,MSFT,203
2016-08-01,NVDA,179
2016-08-01,PFE,220
2016-08-01,PG,137
2016-08-01,QQQ,52
2016-08-01,SPY,209
2016-08-01,UNH,184
2016-08-01,VUG,199
2016-08-01,WMT,115
2016-08-01,XLF,162
2016-08-01,XLV,96
2016-09-01,AAPL,232
2016-09-01,ABBV,62
2016-09-01,BAC,131
2016-09-01,COST,61
2016-09-01,EUR,196
2016-09-01,FB,97
2016-09-01,GBP,86
2016-09-01,GOOGL,54
2016-09-01,GS,148
2016-09-01,INTC,61
2016-09-01,JNJ,70
2016-09-01,JPM,223
2016-09-01,JPY,204
2016-09-01,KO,154
2016-09-01,MS,119
2016-09-01,MSFT,203
2016-09-01,NVDA,179
2016-09-01,PFE,220
2016-09-01,PG,137
2016-09-01,QQQ,52
2016-09-01,SPY,209
2016-09-01,UNH,184
2016-09-01,VUG,199
2016-09-01,WMT,115
2016-09-01,XLF,162
2016-09-01,XLV,96
2016-10-01,AAPL,232
2016-10-01,ABBV,62
2016-10-01,BAC,131
2016-10-01,COST,61
2016-10-01,EUR,196
2016-10-01,FB,97
2016-10-01,GBP,86
2016-10-01,GOOGL,54
2016-10-01,GS,148
2016-10-01,INTC,61
2016-10-01,JNJ,70
2016-10-01,JPM,223
2016-10-01,JPY,204
2016-10-01,KO,154
2016-10-01,MS,119
2016-10-01,MSFT,203
2016-10-01,NVDA,179
2016-10-01,PFE,220
2016-10-01,PG,137
2016-10-01,QQQ,52
2016-10-01,SPY,209
2016-10-01,UNH,123
2016-10-01,VUG,199
2016-10-01,WMT,115
2016-10-01,XLF,162
2016-10-01,XLV,96
2016-11-01,AAPL,232
2016-11-01,ABBV,62
2016-11-01,BAC,131
2016-11-01,COST,61
2016-11-01,EUR,196
2016-11-01,FB,97
2016-11-01,GBP,86
2016-11-01,GOOGL,54
2016-11-01,GS,148
2016-11-01,INTC,61
2016-11-01,JNJ,136
2016-11-01,JPM,223
2016-11-01,JPY,204
2016-11-01,KO,154
2016-11-01,MS,119
2016-11-01,MSFT,203
2016-11-01,NVDA,179
2016-11-01,PFE,220
2016-11-01,PG,137
2016-11-01,QQQ,52
2016-11-01,SPY,209
2016-11-01,UNH,123
2016-11-01,VUG,199
2016-11-01,WMT,115
2016-11-01,XLF,99
2016-11-01,XLV,96
2016-12-01,AAPL,66
2016-12-01,ABBV,62
2016-12-01,BAC,131
2016-12-01,COST,61
2016-12-01,EUR,196
2016-12-01,FB,97
2016-12-01,GBP,86
2016-12-01,GOOGL,54
2016-12-01,GS,148
2016-12-01,INTC,61
2016-12-01,JNJ,136
2016-12-01,JPM,223
2016-12-01,JPY,204
2016-12-01,KO,154
2016-12-01,MS,119
2016-12-01,MSFT,203
2016-12-01,NVDA,179
2016-12-01,PFE,220
2016-12-01,PG,137
2016-12-01,QQQ,53
2016-12-01,SPY,209
2016-12-01,UNH,123
2016-12-01,VUG,138
2016-12-01,WMT,115
2016-12-01,XLF,99
2016-12-01,XLV,96
2017-01-01,AAPL,66
2017-01-01,ABBV,62
2017-01-01,BAC,131
2017-01-01,COST,61
2017-01-01,EUR,169
2017-01-01,FB,97
2017-01-01,GBP,86
2017-01-01,GOOGL,54
2017-01-01,GS,148
2017-01-01,INTC,61
2017-01-01,JNJ,136
2017-01-01,JPM,223
2017-01-01,JPY,204
2017-01-01,KO,154
2017-01-01,MS,119
2017-01-01,MSFT,203
2017-01-01,NVDA,179
2017-01-01,PFE,220
2017-01-01,PG,137
2017-01-01,QQQ,53
2017-01-01,SPY,209
2017-01-01,UNH,123
2017-01-01,VUG,138
2017-01-01,WMT,115
2017-01-01,XLF,99
2017-01-01,XLV,96
2017-02-01,AAPL,66
2017-02-01,ABBV,62
2017-02-01,BAC,131
2017-02-01,COST,61
2017-02-01,EUR,169
2017-02-01,FB,97
2017-02-01,GBP,86
2017-02-01,GOOGL,54
2017-02-01,GS,148
2017-02-01,INTC,61
2017-02-01,JNJ,136
2017-02-01,JPM,223
2017-02-01,JPY,204
2017-02-01,KO,149
2017-02-01,MS,119
2017-02-01,MSFT,203
2017-02-01,NVDA,179
2017-02-01,PFE,220
2017-02-01,PG,244
2017-02-01,QQQ,53
2017-02-01,SPY,209
2017-02-01,UNH,123
2017-02-01,VUG,138
2017-02-01,WMT,115
2017-02-01,XLF,99
2017-02-01,XLV,96
2017-03-01,AAPL,66
2017-03-01,ABBV,62
2017-03-01,BAC,131
2017-03-01,COST,61
2017-03-01,EUR,169
2017-03-01,FB,97
2017-03-01,GBP,86
2017-03-01,GOOGL,54
2017-03-01,GS,148
2017-03-01,INTC,61
2017-03-01,JNJ,136
2017-03-01,JPM,223
2017-03-01,JPY,204
2017-03-01,KO,149
2017-03-01,MS,119
2017-03-01,MSFT,203
2017-03-01,NVDA,179
2017-03-01,PFE,220
2017-03-01,PG,244
2017-03-01,QQQ,53
2017-03-01,SPY,209
2017-03-01,UNH,123
2017-03-01,VUG,138
2017-03-01,WMT,115
2017-03-01,XLF,99
2017-03-01,XLV,96
2017-04-01,AAPL,66
2017-04-01,ABBV,62
2017-04-01,BAC,131
2017-04-01,COST,61
2017-04-01,EUR,169
2017-04-01,FB,97
2017-04-01,GBP,86
2017-04-01,GOOGL,54
2017-04-01,GS,148
2017-04-01,INTC,61
2017-04-01,JNJ,136
2017-04-01,JPM,244
2017-04-01,JPY,204
2017-04-01,KO,149
2017-04-01,MS,119
2017-04-01,MSFT,203
2017-04-01,NVDA,179
2017-04-01,PFE,220
2017-04-01,PG,244
2017-04-01,QQQ,53
2017-04-01,SPY,209
2017-04-01,UNH,123
2017-04-01,VUG,138
2017-04-01,WMT,115
2017-04-01,XLF,99
2017-04-01,XLV,96
2017-05-01,AAPL,202
2017-05-01,ABBV,62
2017-05-01,BAC,131
2017-05-01,COST,61
2017-05-01,EUR,169
2017-05-01,FB,97
2017-05-01,GBP,86
2017-05-01,GOOGL,54
2017-05-01,GS,148
2017-05-01,INTC,61
2017-05-01,JNJ,136
2017-05-01,JPM,244
2017-05-01,JPY,204
2017-05-01,KO,149
2017-05-01,MS,119
2017-05-01,MSFT,203
2017-05-01,NVDA,179
2017-05-01,PFE,220
2017-05-01,PG,244
2017-05-01,QQQ,53
2017-05-01,SPY,209
2017-05-01,UNH,123
2017-05-01,VUG,138
2017-05-01,WMT,115
2017-05-01,XLF,99
2017-05-01,XLV,96
2017-06-01,AAPL,202
2017-06-01,ABBV,62
2017-06-01,BAC,131
2017-06-01,COST,61
2017-06-01,EUR,169
2017-06-01,FB,97
2017-06-01,GBP,86
2017-06-01,GOOGL,54
2017-06-01,GS,148
2017-06-01,INTC,244
2017-06-01,JNJ,136
2017-06-01,JPM,244
2017-06-01,JPY,204
2017-06-01,KO,149
2017-06-01,MS,119
2017-06-01,MSFT,203
2017-06-01,NVDA,179
2017-06-01,PFE,220
2017-06-01,PG,244
2017-06-01,QQQ,53
2017-06-01,SPY,209
2017-06-01,UNH,123
2017-06-01,VUG,138
2017-06-01,WMT,115
2017-06-01,XLF,99
2017-06-01,XLV,96
2017-07-01,AAPL,202
2017-07-01,ABBV,62
2017-07-01,BAC,131
2017-07-01,COST,61
2017-07-01,EUR,169
2017-07-01,FB,97
2017-07-01,GBP,86
2017-07-01,GOOGL,54
2017-07-01,GS,174
2017-07-01,INTC,244
2017-07-01,JNJ,136
2017-07-01,JPM,244
2017-07-01,JPY,204
2017-07-01,KO,149
2017-07-01,MS,119
2017-07-01,MSFT,203
2017-07-01,NVDA,179
2017-07-01,PFE,220
2017-07-01,PG,244
2017-07-01,QQQ,53
2017-07-01,SPY,134
2017-07-01,UNH,123
2017-07-01,VUG,138
2017-07-01,WMT,115
2017-07-01,XLF,99
2017-07-01,XLV,96
2017-08-01,AAPL,202
2017-08-01,ABBV,62
2017-08-01,BAC,131
2017-08-01,COST,61
2017-08-01,EUR,169
2017-08-01,FB,97
2017-08-01,GBP,86
2017-08-01,GOOGL,150
2017-08-01,GS,174
2017-08-01,INTC,244
2017-08-01,JNJ,136
2017-08-01,JPM,244
2017-08-01,JPY,204
2017-08-01,KO,149
2017-08-01,MS,119
2017-08-01,MSFT,203
2017-08-01,NVDA,179
2017-08-01,PFE,220
2017-08-01,PG,244
2017-08-01,QQQ,53
2017-08-01,SPY,134
2017-08-01,UNH,123
2017-08-01,VUG,138
2017-08-01,WMT,115
2017-08-01,XLF,99
2017-08-01,XLV,96
2017-09-01,AAPL,202
2017-09-01,ABBV,62
2017-09-01,BAC,131
2017-09-01,COST,61
2017-09-01,EUR,169
2017-09-01,FB,97
2017-09-01,GBP,86
2017-09-01,GOOGL,150
2017-09-01,GS,174
2017-09-01,INTC,244
2017-09-01,JNJ,136
2017-09-01,JPM,244
2017-09-01,JPY,204
2017-09-01,KO,149
2017-09-01,MS,119
2017-09-01,MSFT,203
2017-09-01,NVDA,179
2017-09-01,PFE,220
2017-09-01,PG,244
2017-09-01,QQQ,53
2017-09-01,SPY,134
2017-09-01,UNH,123
2017-09-01,VUG,138
2017-09-01,WMT,115
2017-09-01,XLF,99
2017-09-01,XLV,96
2017-10-01,AAPL,202
2017-10-01,ABBV,62
2017-10-01,BAC,131
2017-10-01,COST,61
2017-10-01,EUR,169
2017-10-01,FB,97
2017-10-01,GBP,86
2017-10-01,GOOGL,150
2017-10-01,GS,174
2017-10-01,INTC,244
2017-10-01,JNJ,136
2017-10-01,JPM,244
2017-10-01,JPY,219
2017-10-01,KO,149
2017-10-01,MS,119
2017-10-01,MSFT,203
2017-10-01,NVDA,179
2017-10-01,PFE,220
2017-10-01,PG,244
2017-10-01,QQQ,53
2017-10-01,SPY,134
2017-10-01,UNH,123
2017-10-01,VUG,138
2017-10-01,WMT,115
2017-10-01,XLF,99
2017-10-01,XLV,96
2017-11-01,AAPL,202
2017-11-01,ABBV,62
2017-11-01,BAC,131
2017-11-01,COST,61
2017-11-01,EUR,169
2017-11-01,FB,97
2017-11-01,GBP,86
2017-11-01,GOOGL,150
2017-11-01,GS,174
2017-11-01,INTC,126
2017-11-01,JNJ,136
2017-11-01,JPM,244
2017-11-01,JPY,219
2017-11-01,KO,149
2017-11-01,MS,119
2017-11-01,MSFT,203
2017-11-01,NVDA,179
2017-11-01,PFE,220
2017-11-01,PG,244
2017-11-01,QQQ,53
2017-11-01,SPY,138
2017-11-01,UNH,123
2017-11-01,VUG,138
2017-11-01,WMT,115
2017-11-01,XLF,99
2017-11-01,XLV,96
2017-12-01,AAPL,202
2017-12-01,ABBV,62
2017-12-01,BAC,131
2017-12-01,COST,61
2017-12-01,EUR,169
2017-12-01,FB,97
2017-12-01,GBP,170
2017-12-01,GOOGL,150
2017-12-01,GS,174
2017-12-01,INTC,126
2017-12-01,JNJ,167
2017-12-01,JPM,244
2017-12-01,JPY,219
2017-12-01,KO,149
2017-12-01,MS,101
2017-12-01,MSFT,203
2017-12-01,NVDA,179
2017-12-01,PFE,220
2017-12-01,PG,244
2017-12-01,QQQ,53
2017-12-01,SPY,220
2017-12-01,UNH,123
2017-12-01,VUG,138
2017-12-01,WMT,115
2017-12-01,XLF,99
2017-12-01,XLV,96
2018-01-01,AAPL,202
2018-01-01,ABBV,62
2018-01-01,BAC,131
2018-01-01,COST,61
2018-01-01,EUR,169
2018-01-01,FB,97
2018-01-01,GBP,170
2018-01-01,GOOGL,150
2018-01-01,GS,174
2018-01-01,INTC,126
2018-01-01,JNJ,167
2018-01-01,JPM,244
2018-01-01,JPY,219
2018-01-01,KO,149
2018-01-01,MS,101
2018-01-01,MSFT,203
2018-01-01,NVDA,179
2018-01-01,PFE,220
2018-01-01,PG,244
2018-01-01,QQQ,53
2018-01-01,SPY,220
2018-01-01,UNH,123
2018-01-01,VUG,138
2018-01-01,WMT,115
2018-01-01,XLF,99
2018-01-01,XLV,96
2018-02-01,AAPL,202
2018-02-01,ABBV,62
2018-02-01,BAC,131
2018-02-01,COST,61
2018-02-01,EUR,169
2018-02-01,FB,97
2018-02-01,GBP,170
2018-02-01,GOOGL,150
2018-02-01,GS,174
2018-02-01,INTC,126
2018-02-01,JNJ,167
2018-02-01,JPM,244
2018-02-01,JPY,219
2018-02-01,KO,149
2018-02-01,MS,101
2018-02-01,MSFT,203
2018-02-01,NVDA,179
2018-02-01,PFE,220
2018-02-01,PG,244
2018-02-01,QQQ,53
2018-02-01,SPY,220
2018-02-01,UNH,123
2018-02-01,VUG,138
2018-02-01,WMT,115
2018-02-01,XLF,99
2018-02-01,XLV,96
2018-03-01,AAPL,202
2018-03-01,ABBV,62
2018-03-01,BAC,131
2018-03-01,COST,61
2018-03-01,EUR,169
2018-03-01,FB,97
2018-03-01,GBP,170
2018-03-01,GOOGL,150
2018-03-01,GS,174
2018-03-01,INTC,126
2018-03-01,JNJ,167
2018-03-01,JPM,244
2018-03-01,JPY,219
2018-03-01,KO,149
2018-03-01,MS,101
2018-03-01,MSFT,203
2018-03-01,NVDA,179
2018-03-01,PFE,159
2018-03-01,PG,184
2018-03-01,QQQ,53
2018-03-01,SPY,220
2018-03-01,UNH,123
2018-03-01,VUG,138
2018-03-01,WMT,115
2018-03-01,XLF,99
2018-03-01,XLV,96
2018-04-01,AAPL,202
2018-04-01,ABBV,62
2018-04-01,BAC,131
2018-04-01,COST,61
2018-04-01,EUR,169
2018-04-01,FB,97
2018-04-01,GBP,170
2018-04-01,GOOGL,150
2018-04-01,GS,174
2018-04-01,INTC,126
2018-04-01,JNJ,167
2018-04-01,JPM,244
2018-04-01,JPY,219
2018-04-01,KO,149
2018-04-01,MS,101
2018-04-01,MSFT,203
2018-04-01,NVDA,179
2018-04-01,PFE,159
2018-04-01,PG,184
2018-04-01,QQQ,53
2018-04-01,SPY,220
2018-04-01,UNH,123
2018-04-01,VUG,138
2018-04-01,WMT,115
2018-04-01,XLF,99
2018-04-01,XLV,96
2018-05-01,AAPL,202
2018-05-01,ABBV,62
2018-05-01,BAC,131
2018-05-01,COST,61
2018-05-01,EUR,169
2018-05-01,FB,97
2018-05-01,GBP,170
2018-05-01,GOOGL,150
2018-05-01,GS,174
2018-05-01,INTC,126
2018-05-01,JNJ,167
2018-05-01,JPM,244
2018-05-01,JPY,219
2018-05-01,KO,149
2018-05-01,MS,101
2018-05-01,MSFT,203
2018-05-01,NVDA,179
2018-05-01,PFE,159
2018-05-01,PG,184
2018-05-01,QQQ,53
2018-05-01,SPY,220
2018-05-01,UNH,123
2018-05-01,VUG,138
2018-05-01,WMT,115
2018-05-01,XLF,99
2018-05-01,XLV,96
2018-06-01,AAPL,190
2018-06-01,ABBV,106
2018-06-01,BAC,131
2018-06-01,COST,245
2018-06-01,EUR,169
2018-06-01,FB,97
2018-06-01,GBP,170
2018-06-01,GOOGL,150
2018-06-01,GS,174
2018-06-01,INTC,126
2018-06-01,JNJ,167
2018-06-01,JPM,244
2018-06-01,JPY,219
2018-06-01,KO,149
2018-06-01,MS,101
2018-06-01,MSFT,203
2018-06-01,NVDA,179
2018-06-01,PFE,159
2018-06-01,PG,136
2018-06-01,QQQ,53
2018-06-01,SPY,220
2018-06-01,UNH,123
2018-06-01,VUG,138
2018-06-01,WMT,115
2018-06-01,XLF,99
2018-06-01,XLV,96
2018-07-01,AAPL,190
2018-07-01,ABBV,106
2018-07-01,BAC,86
2018-07-01,COST,245
2018-07-01,EUR,169
2018-07-01,FB,97
2018-07-01,GBP,170
2018-07-01,GOOGL,150
2018-07-01,GS,174
2018-07-01,INTC,126
2018-07-01,JNJ,167
2018-07-01,JPM,244
2018-07-01,JPY,219
2018-07-01,KO,149
2018-07-01,MS,101
2018-07-01,MSFT,203
2018-07-01,NVDA,179
2018-07-01,PFE,159
2018-07-01,PG,136
2018-07-01,QQQ,53
2018-07-01,SPY,220
2018-07-01,UNH,123
2018-07-01,VUG,138
2018-07-01,WMT,115
2018-07-01,XLF,99
2018-07-01,XLV,96
2018-08-01,AAPL,190
2018-08-01,ABBV,106
2018-08-01,BAC,86
2018-08-01,COST,245
2018-08-01,EUR,169
2018-08-01,FB,97
2018-08-01,GBP,170
2018-08-01,GOOGL,150
2018-08-01,GS,174
2018-08-01,INTC,126
2018-08-01,JNJ,167
2018-08-01,JPM,244
2018-08-01,JPY,219
2018-08-01,KO,149
2018-08-01,MS,101
2018-08-01,MSFT,203
2018-08-01,NVDA,179
2018-08-01,PFE,159
2018-08-01,PG,136
2018-08-01,QQQ,53
2018-08-01,SPY,220
2018-08-01,UNH,123
2018-08-01,VUG,138
2018-08-01,WMT,115
2018-08-01,XLF,99
2018-08-01,XLV,96
2018-09-01,AAPL,56
2018-09-01,ABBV,106
2018-09-01,BAC,86
2018-09-01,COST,245
2018-09-01,EUR,169
2018-09-01,FB,97
2018-09-01,GBP,170
2018-09-01,GOOGL,113
2018-09-01,GS,174
2018-09-01,INTC,126
2018-09-01,JNJ,167
2018-09-01,JPM,244
2018-09-01,JPY,219
2018-09-01,KO,149
2018-09-01,MS,211
2018-09-01,MSFT,203
2018-09-01,NVDA,179
2018-09-01,PFE,207
2018-09-01,PG,136
2018-09-01,QQQ,53
2018-09-01,SPY,220
2018-09-01,UNH,123
2018-09-01,VUG,138
2018-09-01,WMT,115
2018-09-01,XLF,99
2018-09-01,XLV,96
2018-10-01,AAPL,56
2018-10-01,ABBV,106
2018-10-01,BAC,86
2018-10-01,COST,245
2018-10-01,EUR,169
2018-10-01,FB,97
2018-10-01,GBP,170
2018-10-01,GOOGL,113
2018-10-01,GS,174
2018-10-01,INTC,126
2018-10-01,JNJ,167
2018-10-01,JPM,244
2018-10-01,JPY,219
2018-10-01,KO,149
2018-10-01,MS,211
2018-10-01,MSFT,115
2018-10-01,NVDA,142
2018-10-01,PFE,207
2018-10-01,PG,136
2018-10-01,QQQ,53
2018-10-01,SPY,220
2018-10-01,UNH,123
2018-10-01,VUG,138
2018-10-01,WMT,115
2018-10-01,XLF,99
2018-10-01,XLV,96
2018-11-01,AAPL,56
2018-11-01,ABBV,106
2018-11-01,BAC,86
2018-11-01,COST,97
2018-11-01,EUR,73
2018-11-01,FB,97
2018-11-01,GBP,170
2018-11-01,GOOGL,113
2018-11-01,GS,174
2018-11-01,INTC,126
2018-11-01,JNJ,167
2018-11-01,JPM,244
2018-11-01,JPY,219
2018-11-01,KO,149
2018-11-01,MS,211
2018-11-01,MSFT,115
2018-11-01,NVDA,142
2018-11-01,PFE,207
2018-11-01,PG,136
2018-11-01,QQQ,53
2018-11-01,SPY,220
2018-11-01,UNH,215
2018-11-01,VUG,138
2018-11-01,WMT,204
2018-11-01,XLF,99
2018-11-01,XLV,96
2018-12-01,AAPL,56
2018-12-01,ABBV,106
2018-12-01,BAC,86
2018-12-01,COST,97
2018-12-01,EUR,73
2018-12-01,FB,97
2018-12-01,GBP,170
2018-12-01,GOOGL,113
2018-12-01,GS,174
2018-12-01,INTC,126
2018-12-01,JNJ,167
2018-12-01,JPM,244
2018-12-01,JPY,219
2018-12-01,KO,149
2018-12-01,MS,160
2018-12-01,MSFT,115
2018-12-01,NVDA,142
2018-12-01,PFE,207
2018-12-01,PG,136
2018-12-01,QQQ,202
2018-12-01,SPY,220
2018-12-01,UNH,215
2018-12-01,VUG,138
2018-12-01,WMT,204
2018-12-01,XLF,99
2018-12-01,XLV,96
2019-01-01,AAPL,56
2019-01-01,ABBV,106
2019-01-01,BAC,86
2019-01-01,COST,97
2019-01-01,EUR,73
2019-01-01,FB,97
2019-01-01,GBP,170
2019-01-01,GOOGL,131
2019-01-01,GS,174
2019-01-01,INTC,126
2019-01-01,JNJ,167
2019-01-01,JPM,244
2019-01-01,JPY,219
2019-01-01,KO,149
2019-01-01,MS,160
2019-01-01,MSFT,115
2019-01-01,NVDA,142
2019-01-01,PFE,207
2019-01-01,PG,136
2019-01-01,QQQ,202
2019-01-01,SPY,220
2019-01-01,UNH,215
2019-01-01,VUG,138
2019-01-01,WMT,153
2019-01-01,XLF,158
2019-01-01,XLV,96
2019-02-01,AAPL,56
2019-02-01,ABBV,106
2019-02-01,BAC,86
2019-02-01,COST,97
2019-02-01,EUR,73
2019-02-01,FB,97
2019-02-01,GBP,170
2019-02-01,GOOGL,131
2019-02-01,GS,174
2019-02-01,INTC,126
2019-02-01,JNJ,167
2019-02-01,JPM,244
2019-02-01,JPY,219
2019-02-01,KO,149
2019-02-01,MS,160
2019-02-01,MSFT,115
2019-02-01,NVDA,142
2019-02-01,PFE,207
2019-02-01,PG,136
2019-02-01,QQQ,202
2019-02-01,SPY,220
2019-02-01,UNH,215
2019-02-01,VUG,138
2019-02-01,WMT,153
2019-02-01,XLF,158
2019-02-01,XLV,96
2019-03-01,AAPL,56
2019-03-01,ABBV,106
2019-03-01,BAC,86
2019-03-01,COST,97
2019-03-01,EUR,73
2019-03-01,FB,97
2019-03-01,GBP,170
2019-03-01,GOOGL,131
2019-03-01,GS,174
2019-03-01,INTC,126
2019-03-01,JNJ,167
2019-03-01,JPM,244
2019-03-01,JPY,219
2019-03-01,KO,149
2019-03-01,MS,160
2019-03-01,MSFT,115
2019-03-01,NVDA,142
2019-03-01,PFE,207
2019-03-01,PG,136
2019-03-01,QQQ,202
2019-03-01,SPY,220
2019-03-01,UNH,215
2019-03-01,VUG,138
2019-03-01,WMT,153
2019-03-01,XLF,158
2019-03-01,XLV,96
2019-04-01,AAPL,56
2019-04-01,ABBV,106
2019-04-01,BAC,86
2019-04-01,COST,97
2019-04-01,EUR,73
2019-04-01,FB,97
2019-04-01,GBP,170
2019-04-01,GOOGL,131
2019-04-01,GS,174
2019-04-01,INTC,126
2019-04-01,JNJ,167
2019-04-01,JPM,244
2019-04-01,JPY,219
2019-04-01,KO,149
2019-04-01,MS,160
2019-04-01,MSFT,115
2019-04-01,NVDA,142
2019-04-01,PFE,207
2019-04-01,PG,136
2019-04-01,QQQ,202
2019-04-01,SPY,220
2019-04-01,UNH,215
2019-04-01,VUG,138
2019-04-01,WMT,153
2019-04-01,XLF,158
2019-04-01,XLV,96
2019-05-01,AAPL,56
2019-05-01,ABBV,106
2019-05-01,BAC,86
2019-05-01,COST,97
2019-05-01,EUR,73
2019-05-01,FB,97
2019-05-01,GBP,170
2019-05-01,GOOGL,131
2019-05-01,GS,174
2019-05-01,INTC,66
2019-05-01,JNJ,167
2019-05-01,JPM,244
2019-05-01,JPY,219
2019-05-01,KO,149
2019-05-01,MS,160
2019-05-01,MSFT,115
2019-05-01,NVDA,142
2019-05-01,PFE,208
2019-05-01,PG,136
2019-05-01,QQQ,202
2019-05-01,SPY,220
2019-05-01,UNH,215
2019-05-01,VUG,138
2019-05-01,WMT,153
2019-05-01,XLF,158
2019-05-01,XLV,96
2019-06-01,AAPL,56
2019-06-01,ABBV,106
2019-06-01,BAC,86
2019-06-01,COST,97
2019-06-01,EUR,73
2019-06-01,FB,97
2019-06-01,GBP,170
2019-06-01,GOOGL,131
2019-06-01,GS,174
2019-06-01,INTC,66
2019-06-01,JNJ,167
2019-06-01,JPM,244
2019-06-01,JPY,219
2019-06-01,KO,149
2019-06-01,MS,160
2019-06-01,MSFT,115
2019-06-01,NVDA,142
2019-06-01,PFE,208
2019-06-01,PG,136
2019-06-01,QQQ,202
2019-06-01,SPY,220
2019-06-01,UNH,215
2019-06-01,VUG,138
2019-06-01,WMT,153
2019-06-01,XLF,191
2019-06-01,XLV,96
2019-07-01,AAPL,56
2019-07-01,ABBV,106
2019-07-01,BAC,86
2019-07-01,COST,97
2019-07-01,EUR,73
2019-07-01,FB,97
2019-07-01,GBP,170
2019-07-01,GOOGL,131
2019-07-01,GS,174
2019-07-01,INTC,84
2019-07-01,JNJ,167
2019-07-01,JPM,244
2019-07-01,JPY,219
2019-07-01,KO,149
2019-07-01,MS,160
2019-07-01,MSFT,115
2019-07-01,NVDA,142
2019-07-01,PFE,208
2019-07-01,PG,136
2019-07-01,QQQ,202
2019-07-01,SPY,220
2019-07-01,UNH,215
2019-07-01,VUG,138
2019-07-01,WMT,153
2019-07-01,XLF,191
2019-07-01,XLV,96
2019-08-01,AAPL,56
2019-08-01,ABBV,106
2019-08-01,BAC,86
2019-08-01,COST,97
2019-08-01,EUR,73
2019-08-01,FB,97
2019-08-01,GBP,170
2019-08-01,GOOGL,131
2019-08-01,GS,174
2019-08-01,INTC,84
2019-08-01,JNJ,167
2019-08-01,JPM,168
2019-08-01,JPY,219
2019-08-01,KO,149
2019-08-01,MS,160
2019-08-01,MSFT,115
2019-08-01,NVDA,142
2019-08-01,PFE,208
2019-08-01,PG,136
2019-08-01,QQQ,202
2019-08-01,SPY,58
2019-08-01,UNH,215
2019-08-01,VUG,138
2019-08-01,WMT,153
2019-08-01,XLF,191
2019-08-01,XLV,96
2019-09-01,AAPL,56
2019-09-01,ABBV,106
2019-09-01,BAC,86
2019-09-01,COST,97
2019-09-01,EUR,193
2019-09-01,FB,97
2019-09-01,GBP,170
2019-09-01,GOOGL,131
2019-09-01,GS,174
2019-09-01,INTC,84
2019-09-01,JNJ,167
2019-09-01,JPM,168
2019-09-01,JPY,219
2019-09-01,KO,149
2019-09-01,MS,160
2019-09-01,MSFT,115
2019-09-01,NVDA,142
2019-09-01,PFE,208
2019-09-01,PG,136
2019-09-01,QQQ,202
2019-09-01,SPY,58
2019-09-01,UNH,215
2019-09-01,VUG,138
2019-09-01,WMT,153
2019-09-01,XLF,191
2019-09-01,XLV,96
2019-10-01,AAPL,56
2019-10-01,ABBV,106
2019-10-01,BAC,86
2019-10-01,COST,223
2019-10-01,EUR,193
2019-10-01,FB,97
2019-10-01,GBP,170
2019-10-01,GOOGL,131
2019-10-01,GS,174
2019-10-01,INTC,84
2019-10-01,JNJ,167
2019-10-01,JPM,168
2019-10-01,JPY,219
2019-10-01,KO,149
2019-10-01,MS,160
2019-10-01,MSFT,115
2019-10-01,NVDA,142
2019-10-01,PFE,208
2019-10-01,PG,136
2019-10-01,QQQ,202
2019-10-01,SPY,58
2019-10-01,UNH,215
2019-10-01,VUG,138
2019-10-01,WMT,153
2019-10-01,XLF,191
2019-10-01,XLV,96
2019-11-01,AAPL,56
2019-11-01,ABBV,106
2019-11-01,BAC,86
2019-11-01,COST,223
2019-11-01,EUR,193
2019-11-01,FB,97
2019-11-01,GBP,170
2019-11-01,GOOGL,131
2019-11-01,GS,174
2019-11-01,INTC,84
2019-11-01,JNJ,167
2019-11-01,JPM,168
2019-11-01,JPY,219
2019-11-01,KO,149
2019-11-01,MS,160
2019-11-01,MSFT,164
2019-11-01,NVDA,142
2019-11-01,PFE,208
2019-11-01,PG,136
2019-11-01,QQQ,202
2019-11-01,SPY,58
2019-11-01,UNH,215
2019-11-01,VUG,138
2019-11-01,WMT,153
2019-11-01,XLF,191
2019-11-01,XLV,96
2019-12-01,AAPL,56
2019-12-01,ABBV,106
2019-12-01,BAC,86
2019-12-01,COST,223
2019-12-01,EUR,193
2019-12-01,FB,97
2019-12-01,GBP,170
2019-12-01,GOOGL,131
2019-12-01,GS,174
2019-12-01,INTC,84
2019-12-01,JNJ,167
2019-12-01,JPM,168
2019-12-01,JPY,219
2019-12-01,KO,149
2019-12-01,MS,160
2019-12-01,MSFT,164
2019-12-01,NVDA,142
2019-12-01,PFE,208
2019-12-01,PG,136
2019-12-01,QQQ,202
2019-12-01,SPY,58
2019-12-01,UNH,215
2019-12-01,VUG,138
2019-12-01,WMT,191
2019-12-01,XLF,191
2019-12-01,XLV,96
2020-01-01,AAPL,56
2020-01-01,ABBV,106
2020-01-01,BAC,86
2020-01-01,COST,223
2020-01-01,EUR,193
2020-01-01,FB,97
2020-01-01,GBP,170
2020-01-01,GOOGL,131
2020-01-01,GS,174
2020-01-01,INTC,84
2020-01-01,JNJ,167
2020-01-01,JPM,168
2020-01-01,JPY,219
2020-01-01,KO,149
2020-01-01,MS,160
2020-01-01,MSFT,164
2020-01-01,NVDA,142
2020-01-01,PFE,208
2020-01-01,PG,136
2020-01-01,QQQ,202
2020-01-01,SPY,58
2020-01-01,UNH,215
2020-01-01,VUG,138
2020-01-01,WMT,191
2020-01-01,XLF,191
2020-01-01,XLV,96
2020-02-01,AAPL,56
2020-02-01,ABBV,106
2020-02-01,BAC,86
2020-02-01,COST,223
2020-02-01,EUR,193
2020-02-01,FB,97
2020-02-01,GBP,170
2020-02-01,GOOGL,131
2020-02-01,GS,174
2020-02-01,INTC,84
2020-02-01,JNJ,95
2020-02-01,JPM,168
2020-02-01,JPY,219
2020-02-01,KO,149
2020-02-01,MS,160
2020-02-01,MSFT,247
2020-02-01,NVDA,142
2020-02-01,PFE,208
2020-02-01,PG,136
2020-02-01,QQQ,202
2020-02-01,SPY,58
2020-02-01,UNH,176
2020-02-01,VUG,165
2020-02-01,WMT,191
2020-02-01,XLF,191
2020-02-01,XLV,96
2020-03-01,AAPL,56
2020-03-01,ABBV,106
2020-03-01,BAC,86
2020-03-01,COST,223
2020-03-01,EUR,193
2020-03-01,FB,97
2020-03-01,GBP,170
2020-03-01,GOOGL,131
2020-03-01,GS,174
2020-03-01,INTC,84
2020-03-01,JNJ,95
2020-03-01,JPM,168
2020-03-01,JPY,134
2020-03-01,KO,149
2020-03-01,MS,160
2020-03-01,MSFT,247
2020-03-01,NVDA,142
2020-03-01,PFE,208
2020-03-01,PG,136
2020-03-01,QQQ,202
2020-03-01,SPY,58
2020-03-01,UNH,99
2020-03-01,VUG,165
2020-03-01,WMT,191
2020-03-01,XLF,191
2020-03-01,XLV,96
2020-04-01,AAPL,56
2020-04-01,ABBV,106
2020-04-01,BAC,86
2020-04-01,COST,223
2020-04-01,EUR,193
2020-04-01,FB,97
2020-04-01,GBP,170
2020-04-01,GOOGL,131
2020-04-01,GS,174
2020-04-01,INTC,84
2020-04-01,JNJ,95
2020-04-01,JPM,168
2020-04-01,JPY,134
2020-04-01,KO,149
2020-04-01,MS,160
2020-04-01,MSFT,247
2020-04-01,NVDA,142
2020-04-01,PFE,208
2020-04-01,PG,122
2020-04-01,QQQ,202
2020-04-01,SPY,58
2020-04-01,UNH,99
2020-04-01,VUG,165
2020-04-01,WMT,243
2020-04-01,XLF,191
2020-04-01,XLV,96
2020-05-01,AAPL,56
2020-05-01,ABBV,106
2020-05-01,BAC,86
2020-05-01,COST,223
2020-05-01,EUR,193
2020-05-01,FB,97
2020-05-01,GBP,170
2020-05-01,GOOGL,131
2020-05-01,GS,174
2020-05-01,INTC,84
2020-05-01,JNJ,95
2020-05-01,JPM,168
2020-05-01,JPY,134
2020-05-01,KO,149
2020-05-01,MS,160
2020-05-01,MSFT,247
2020-05-01,NVDA,142
2020-05-01,PFE,208
2020-05-01,PG,122
2020-05-01,QQQ,202
2020-05-01,SPY,58
2020-05-01,UNH,99
2020-05-01,VUG,165
2020-05-01,WMT,243
2020-05-01,XLF,191
2020-05-01,XLV,96
2020-06-01,AAPL,56
2020-06-01,ABBV,106
2020-06-01,BAC,86
2020-06-01,COST,223
2020-06-01,EUR,193
2020-06-01,FB,97
2020-06-01,GBP,170
2020-06-01,GOOGL,131
2020-06-01,GS,174
2020-06-01,INTC,84
2020-06-01,JNJ,95
2020-06-01,JPM,168
2020-06-01,JPY,134
2020-06-01,KO,149
2020-06-01,MS,160
2020-06-01,MSFT,247
2020-06-01,NVDA,142
2020-06-01,PFE,208
2020-06-01,PG,122
2020-06-01,QQQ,202
2020-06-01,SPY,58
2020-06-01,UNH,99
2020-06-01,VUG,165
2020-06-01,WMT,243
2020-06-01,XLF,191
2020-06-01,XLV,96
2020-07-01,AAPL,56
2020-07-01,ABBV,106
2020-07-01,BAC,86
2020-07-01,COST,223
2020-07-01,EUR,85
2020-07-01,FB,97
2020-07-01,GBP,170
2020-07-01,GOOGL,191
2020-07-01,GS,174
2020-07-01,INTC,152
2020-07-01,JNJ,95
2020-07-01,JPM,168
2020-07-01,JPY,134
2020-07-01,KO,149
2020-07-01,MS,160
2020-07-01,MSFT,247
2020-07-01,NVDA,142
2020-07-01,PFE,208
2020-07-01,PG,122
2020-07-01,QQQ,202
2020-07-01,SPY,58
2020-07-01,UNH,99
2020-07-01,VUG,165
2020-07-01,WMT,243
2020-07-01,XLF,191
2020-07-01,XLV,96
2020-08-01,AAPL,56
2020-08-01,ABBV,106
2020-08-01,BAC,86
2020-08-01,COST,223
2020-08-01,EUR,85
2020-08-01,FB,97
2020-08-01,GBP,170
2020-08-01,GOOGL,191
2020-08-01,GS,174
2020-08-01,INTC,152
2020-08-01,JNJ,95
2020-08-01,JPM,168
2020-08-01,JPY,134
2020-08-01,KO,149
2020-08-01,MS,160
2020-08-01,MSFT,247
2020-08-01,NVDA,142
2020-08-01,PFE,208
2020-08-01,PG,122
2020-08-01,QQQ,202
2020-08-01,SPY,58
2020-08-01,UNH,99
2020-08-01,VUG,165
2020-08-01,WMT,243
2020-08-01,XLF,191
2020-08-01,XLV,96
2020-09-01,AAPL,56
2020-09-01,ABBV,106
2020-09-01,BAC,86
2020-09-01,COST,223
2020-09-01,EUR,85
2020-09-01,FB,97
2020-09-01,GBP,170
2020-09-01,GOOGL,191
2020-09-01,GS,174
2020-09-01,INTC,152
2020-09-01,JNJ,95
2020-09-01,JPM,168
2020-09-01,JPY,134
2020-09-01,KO,149
2020-09-01,MS,160
2020-09-01,MSFT,247
2020-09-01,NVDA,142
2020-09-01,PFE,208
2020-09-01,PG,122
2020-09-01,QQQ,202
2020-09-01,SPY,58
2020-09-01,UNH,99
2020-09-01,VUG,165
2020-09-01,WMT,243
2020-09-01,XLF,191
2020-09-01,XLV,96
2020-10-01,AAPL,56
2020-10-01,ABBV,106
2020-10-01,BAC,136
2020-10-01,COST,223
2020-10-01,EUR,85
2020-10-01,FB,97
2020-10-01,GBP,170
2020-10-01,GOOGL,191
2020-10-01,GS,174
2020-10-01,INTC,152
2020-10-01,JNJ,95
2020-10-01,JPM,168
2020-10-01,JPY,134
2020-10-01,KO,149
2020-10-01,MS,160
2020-10-01,MSFT,247
2020-10-01,NVDA,142
2020-10-01,PFE,208
2020-10-01,PG,226
2020-10-01,QQQ,202
2020-10-01,SPY,58
2020-10-01,UNH,99
2020-10-01,VUG,165
2020-10-01,WMT,243
2020-10-01,XLF,191
2020-10-01,XLV,96
2020-11-01,AAPL,56
2020-11-01,ABBV,106
2020-11-01,BAC,136
2020-11-01,COST,223
2020-11-01,EUR,85
2020-11-01,FB,97
2020-11-01,GBP,170
2020-11-01,GOOGL,191
2020-11-01,GS,174
2020-11-01,INTC,152
2020-11-01,JNJ,95
2020-11-01,JPM,168
2020-11-01,JPY,134
2020-11-01,KO,149
2020-11-01,MS,194
2020-11-01,MSFT,247
2020-11-01,NVDA,142
2020-11-01,PFE,208
2020-11-01,PG,226
2020-11-01,QQQ,202
2020-11-01,SPY,58
2020-11-01,UNH,99
2020-11-01,VUG,165
2020-11-01,WMT,243
2020-11-01,XLF,191
2020-11-01,XLV,96
2020-12-01,AAPL,56
2020-12-01,ABBV,106
2020-12-01,BAC,136
2020-12-01,COST,223
2020-12-01,EUR,85
2020-12-01,FB,97
2020-12-01,GBP,170
2020-12-01,GOOGL,191
2020-12-01,GS,174
2020-12-01,INTC,152
2020-12-01,JNJ,95
2020-12-01,JPM,168
2020-12-01,JPY,134
2020-12-01,KO,149
2020-12-01,MS,194
2020-12-01,MSFT,247
2020-12-01,NVDA,142
2020-12-01,PFE,208
2020-12-01,PG,226
2020-12-01,QQQ,202
2020-12-01,SPY,58
2020-12-01,UNH,99
2020-12-01,VUG,165
2020-12-01,WMT,243
2020-12-01,XLF,191
2020-12-01,XLV,96
2021-01-01,AAPL,56
2021-01-01,ABBV,106
2021-01-01,BAC,136
2021-01-01,COST,223
2021-01-01,EUR,85
2021-01-01,FB,97
2021-01-01,GBP,170
2021-01-01,GOOGL,191
2021-01-01,GS,174
2021-01-01,INTC,152
2021-01-01,JNJ,242
2021-01-01,JPM,168
2021-01-01,JPY,134
2021-01-01,KO,149
2021-01-01,MS,194
2021-01-01,MSFT,247
2021-01-01,NVDA,142
2021-01-01,PFE,208
2021-01-01,PG,226
2021-01-01,QQQ,202
2021-01-01,SPY,58
2021-01-01,UNH,99
2021-01-01,VUG,165
2021-01-01,WMT,243
2021-01-01,XLF,191
2021-01-01,XLV,96
2021-02-01,AAPL,56
2021-02-01,ABBV,106
2021-02-01,BAC,136
2021-02-01,COST,223
2021-02-01,EUR,85
2021-02-01,FB,97
2021-02-01,GBP,170
2021-02-01,GOOGL,191
2021-02-01,GS,174
2021-02-01,INTC,152
2021-02-01,JNJ,242
2021-02-01,JPM,168
2021-02-01,JPY,134
2021-02-01,KO,149
2021-02-01,MS,194
2021-02-01,MSFT,247
2021-02-01,NVDA,142
2021-02-01,PFE,208
2021-02-01,PG,226
2021-02-01,QQQ,202
2021-02-01,SPY,58
2021-02-01,UNH,99
2021-02-01,VUG,172
2021-02-01,WMT,243
2021-02-01,XLF,191
2021-02-01,XLV,96
2021-03-01,AAPL,56
2021-03-01,ABBV,106
2021-03-01,BAC,169
2021-03-01,COST,223
2021-03-01,EUR,85
2021-03-01,FB,97
2021-03-01,GBP,170
2021-03-01,GOOGL,191
2021-03-01,GS,174
2021-03-01,INTC,152
2021-03-01,JNJ,242
2021-03-01,JPM,168
2021-03-01,JPY,134
2021-03-01,KO,55
2021-03-01,MS,194
2021-03-01,MSFT,247
2021-03-01,NVDA,142
2021-03-01,PFE,208
2021-03-01,PG,226
2021-03-01,QQQ,202
2021-03-01,SPY,58
2021-03-01,UNH,99
2021-03-01,VUG,172
2021-03-01,WMT,243
2021-03-01,XLF,191
2021-03-01,XLV,96
2021-04-01,AAPL,56
2021-04-01,ABBV,106
2021-04-01,BAC,169
2021-04-01,COST,223
2021-04-01,EUR,85
2021-04-01,FB,97
2021-04-01,GBP,170
2021-04-01,GOOGL,191
2021-04-01,GS,174
2021-04-01,INTC,152
2021-04-01,JNJ,242
2021-04-01,JPM,55
2021-04-01,JPY,134
2021-04-01,KO,55
2021-04-01,MS,194
2021-04-01,MSFT,247
2021-04-01,NVDA,142
2021-04-01,PFE,208
2021-04-01,PG,226
2021-04-01,QQQ,202
2021-04-01,SPY,58
2021-04-01,UNH,99
2021-04-01,VUG,172
2021-04-01,WMT,243
2021-04-01,XLF,191
2021-04-01,XLV,96
2021-05-01,AAPL,56
2021-05-01,ABBV,106
2021-05-01,BAC,169
2021-05-01,COST,223
2021-05-01,EUR,85
2021-05-01,FB,97
2021-05-01,GBP,170
2021-05-01,GOOGL,191
2021-05-01,GS,174
2021-05-01,INTC,152
2021-05-01,JNJ,242
2021-05-01,JPM,55
2021-05-01,JPY,134
2021-05-01,KO,55
2021-05-01,MS,194
2021-05-01,MSFT,247
2021-05-01,NVDA,142
2021-05-01,PFE,208
2021-05-01,PG,226
2021-05-01,QQQ,202
2021-05-01,SPY,58
2021-05-01,UNH,183
2021-05-01,VUG,172
2021-05-01,WMT,238
2021-05-01,XLF,191
2021-05-01,XLV,96
2021-06-01,AAPL,56
2021-06-01,ABBV,106
2021-06-01,BAC,169
2021-06-01,COST,56
2021-06-01,EUR,85
2021-06-01,FB,97
2021-06-01,GBP,170
2021-06-01,GOOGL,191
2021-06-01,GS,189
2021-06-01,INTC,152
2021-06-01,JNJ,242
2021-06-01,JPM,55
2021-06-01,JPY,134
2021-06-01,KO,55
2021-06-01,MS,194
2021-06-01,MSFT,247
2021-06-01,NVDA,153
2021-06-01,PFE,208
2021-06-01,PG,226
2021-06-01,QQQ,202
2021-06-01,SPY,58
2021-06-01,UNH,183
2021-06-01,VUG,172
2021-06-01,WMT,238
2021-06-01,XLF,191
2021-06-01,XLV,96
2021-07-01,AAPL,56
2021-07-01,ABBV,106
2021-07-01,BAC,169
2021-07-01,COST,56
2021-07-01,EUR,85
2021-07-01,FB,97
2021-07-01,GBP,170
2021-07-01,GOOGL,191
2021-07-01,GS,189
2021-07-01,INTC,152
2021-07-01,JNJ,210
2021-07-01,JPM,55
2021-07-01,JPY,134
2021-07-01,KO,55
2021-07-01,MS,194
2021-07-01,MSFT,247
2021-07-01,NVDA,126
2021-07-01,PFE,208
2021-07-01,PG,226
2021-07-01,QQQ,202
2021-07-01,SPY,58
2021-07-01,UNH,183
2021-07-01,VUG,172
2021-07-01,WMT,229
2021-07-01,XLF,191
2021-07-01,XLV,96
2021-08-01,AAPL,56
2021-08-01,ABBV,106
2021-08-01,BAC,169
2021-08-01,COST,56
2021-08-01,EUR,85
2021-08-01,FB,97
2021-08-01,GBP,170
2021-08-01,GOOGL,191
2021-08-01,GS,189
2021-08-01,INTC,143
2021-08-01,JNJ,210
2021-08-01,JPM,55
2021-08-01,JPY,134
2021-08-01,KO,55
2021-08-01,MS,194
2021-08-01,MSFT,247
2021-08-01,NVDA,126
2021-08-01,PFE,208
2021-08-01,PG,226
2021-08-01,QQQ,202
2021-08-01,SPY,58
2021-08-01,UNH,183
2021-08-01,VUG,172
2021-08-01,WMT,229
2021-08-01,XLF,191
2021-08-01,XLV,96
2021-09-01,AAPL,56
2021-09-01,ABBV,106
2021-09-01,BAC,94
2021-09-01,COST,56
2021-09-01,EUR,85
2021-09-01,FB,97
2021-09-01,GBP,170
2021-09-01,GOOGL,191
2021-09-01,GS,189
2021-09-01,INTC,143
2021-09-01,JNJ,210
2021-09-01,JPM,55
2021-09-01,JPY,134
2021-09-01,KO,55
2021-09-01,MS,194
2021-09-01,MSFT,247
2021-09-01,NVDA,126
2021-09-01,PFE,208
2021-09-01,PG,226
2021-09-01,QQQ,202
2021-09-01,SPY,58
2021-09-01,UNH,183
2021-09-01,VUG,172
2021-09-01,WMT,229
2021-09-01,XLF,191
2021-09-01,XLV,96
2021-10-01,AAPL,56
2021-10-01,ABBV,106
2021-10-01,BAC,94
2021-10-01,COST,56
2021-10-01,EUR,85
2021-10-01,FB,97
2021-10-01,GBP,170
2021-10-01,GOOGL,191
2021-10-01,GS,189
2021-10-01,INTC,143
2021-10-01,JNJ,210
2021-10-01,JPM,55
2021-10-01,JPY,134
2021-10-01,KO,55
2021-10-01,MS,194
2021-10-01,MSFT,247
2021-10-01,NVDA,126
2021-10-01,PFE,208
2021-10-01,PG,226
2021-10-01,QQQ,202
2021-10-01,SPY,58
2021-10-01,UNH,183
2021-10-01,VUG,172
2021-10-01,WMT,229
2021-10-01,XLF,191
2021-10-01,XLV,96
2021-11-01,AAPL,56
2021-11-01,ABBV,106
2021-11-01,BAC,94
2021-11-01,COST,56
2021-11-01,EUR,85
2021-11-01,FB,97
2021-11-01,GBP,170
2021-11-01,GOOGL,191
2021-11-01,GS,128
2021-11-01,INTC,201
2021-11-01,JNJ,210
2021-11-01,JPM,55
2021-11-01,JPY,134
2021-11-01,KO,55
2021-11-01,MS,194
2021-11-01,MSFT,247
2021-11-01,NVDA,126
2021-11-01,PFE,76
2021-11-01,PG,226
2021-11-01,QQQ,202
2021-11-01,SPY,58
2021-11-01,UNH,183
2021-11-01,VUG,172
2021-11-01,WMT,229
2021-11-01,XLF,80
2021-11-01,XLV,96
2021-12-01,AAPL,56
2021-12-01,ABBV,106
2021-12-01,BAC,94
2021-12-01,COST,56
2021-12-01,EUR,85
2021-12-01,FB,97
2021-12-01,GBP,170
2021-12-01,GOOGL,191
2021-12-01,GS,128
2021-12-01,INTC,201
2021-12-01,JNJ,112
2021-12-01,JPM,55
2021-12-01,JPY,134
2021-12-01,KO,55
2021-12-01,MS,194
2021-12-01,MSFT,247
2021-12-01,NVDA,126
2021-12-01,PFE,76
2021-12-01,PG,226
2021-12-01,QQQ,202
2021-12-01,SPY,58
2021-12-01,UNH,183
2021-12-01,VUG,172
2021-12-01,WMT,229
2021-12-01,XLF,80
2021-12-01,XLV,96
2022-01-01,AAPL,56
2022-01-01,ABBV,106
2022-01-01,BAC,94
2022-01-01,COST,56
2022-01-01,EUR,85
2022-01-01,FB,97
2022-01-01,GBP,170
2022-01-01,GOOGL,191
2022-01-01,GS,128
2022-01-01,INTC,201
2022-01-01,JNJ,112
2022-01-01,JPM,55
2022-01-01,JPY,134
2022-01-01,KO,55
2022-01-01,MS,155
2022-01-01,MSFT,247
2022-01-01,NVDA,126
2022-01-01,PFE,76
2022-01-01,PG,226
2022-01-01,QQQ,202
2022-01-01,SPY,58
2022-01-01,UNH,183
2022-01-01,VUG,172
2022-01-01,WMT,229
2022-01-01,XLF,80
2022-01-01,XLV,96
2022-02-01,AAPL,56
2022-02-01,ABBV,106
2022-02-01,BAC,94
2022-02-01,COST,56
2022-02-01,EUR,85
2022-02-01,FB,97
2022-02-01,GBP,170
2022-02-01,GOOGL,191
2022-02-01,GS,128
2022-02-01,INTC,187
2022-02-01,JNJ,112
2022-02-01,JPM,55
2022-02-01,JPY,134
2022-02-01,KO,55
2022-02-01,MS,155
2022-02-01,MSFT,247
2022-02-01,NVDA,126
2022-02-01,PFE,76
2022-02-01,PG,226
2022-02-01,QQQ,202
2022-02-01,SPY,58
2022-02-01,UNH,183
2022-02-01,VUG,172
2022-02-01,WMT,229
2022-02-01,XLF,80
2022-02-01,XLV,96
2022-03-01,AAPL,56
2022-03-01,ABBV,106
2022-03-01,BAC,94
2022-03-01,COST,56
2022-03-01,EUR,85
2022-03-01,FB,97
2022-03-01,GBP,170
2022-03-01,GOOGL,191
2022-03-01,GS,223
2022-03-01,INTC,187
2022-03-01,JNJ,112
2022-03-01,JPM,55
2022-03-01,JPY,134
2022-03-01,KO,55
2022-03-01,MS,155
2022-03-01,MSFT,247
2022-03-01,NVDA,126
2022-03-01,PFE,76
2022-03-01,PG,226
2022-03-01,QQQ,202
2022-03-01,SPY,58
2022-03-01,UNH,183
2022-03-01,VUG,172
2022-03-01,WMT,229
2022-03-01,XLF,80
2022-03-01,XLV,96
2022-04-01,AAPL,56
2022-04-01,ABBV,106
2022-04-01,BAC,94
2022-04-01,COST,56
2022-04-01,EUR,149
2022-04-01,FB,97
2022-04-01,GBP,170
2022-04-01,GOOGL,191
2022-04-01,GS,223
2022-04-01,INTC,187
2022-04-01,JNJ,112
2022-04-01,JPM,55
2022-04-01,JPY,134
2022-04-01,KO,55
2022-04-01,MS,155
2022-04-01,MSFT,247
2022-04-01,NVDA,126
2022-04-01,PFE,76
2022-04-01,PG,226
2022-04-01,QQQ,202
2022-04-01,SPY,58
2022-04-01,UNH,183
2022-04-01,VUG,172
2022-04-01,WMT,229
2022-04-01,XLF,80
2022-04-01,XLV,96
2022-05-01,AAPL,56
2022-05-01,ABBV,106
2022-05-01,BAC,94
2022-05-01,COST,56
2022-05-01,EUR,149
2022-05-01,FB,97
2022-05-01,GBP,170
2022-05-01,GOOGL,191
2022-05-01,GS,223
2022-05-01,INTC,187
2022-05-01,JNJ,112
2022-05-01,JPM,55
2022-05-01,JPY,134
2022-05-01,KO,55
2022-05-01,MS,155
2022-05-01,MSFT,247
2022-05-01,NVDA,126
2022-05-01,PFE,76
2022-05-01,PG,226
2022-05-01,QQQ,202
2022-05-01,SPY,58
2022-05-01,UNH,183
2022-05-01,VUG,172
2022-05-01,WMT,229
2022-05-01,XLF,80
2022-05-01,XLV,96
2022-06-01,AAPL,56
2022-06-01,ABBV,101
2022-06-01,BAC,94
2022-06-01,COST,210
2022-06-01,EUR,149
2022-06-01,FB,97
2022-06-01,GBP,170
2022-06-01,GOOGL,191
2022-06-01,GS,223
2022-06-01,INTC,187
2022-06-01,JNJ,112
2022-06-01,JPM,55
2022-06-01,JPY,134
2022-06-01,KO,55
2022-06-01,MS,155
2022-06-01,MSFT,247
2022-06-01,NVDA,126
2022-06-01,PFE,76
2022-06-01,PG,226
2022-06-01,QQQ,202
2022-06-01,SPY,58
2022-06-01,UNH,183
2022-06-01,VUG,172
2022-06-01,WMT,229
2022-06-01,XLF,80
2022-06-01,XLV,96
2022-07-01,AAPL,56
2022-07-01,ABBV,101
2022-07-01,BAC,94
2022-07-01,COST,210
2022-07-01,EUR,149
2022-07-01,FB,97
2022-07-01,GBP,170
2022-07-01,GOOGL,191
2022-07-01,GS,223
2022-07-01,INTC,187
2022-07-01,JNJ,112
2022-07-01,JPM,55
2022-07-01,JPY,134
2022-07-01,KO,55
2022-07-01,MS,155
2022-07-01,MSFT,247
2022-07-01,NVDA,126
2022-07-01,PFE,76
2022-07-01,PG,226
2022-07-01,QQQ,161
2022-07-01,SPY,58
2022-07-01,UNH,183
2022-07-01,VUG,172
2022-07-01,WMT,229
2022-07-01,XLF,80
2022-07-01,XLV,96
2022-08-01,AAPL,56
2022-08-01,ABBV,101
2022-08-01,BAC,94
2022-08-01,COST,210
2022-08-01,EUR,149
2022-08-01,FB,97
2022-08-01,GBP,170
2022-08-01,GOOGL,191
2022-08-01,GS,223
2022-08-01,INTC,187
2022-08-01,JNJ,112
2022-08-01,JPM,55
2022-08-01,JPY,134
2022-08-01,KO,55
2022-08-01,MS,155
2022-08-01,MSFT,247
2022-08-01,NVDA,126
2022-08-01,PFE,76
2022-08-01,PG,226
2022-08-01,QQQ,161
2022-08-01,SPY,58
2022-08-01,UNH,183
2022-08-01,VUG,172
2022-08-01,WMT,229
2022-08-01,XLF,80
2022-08-01,XLV,96
2022-09-01,AAPL,56
2022-09-01,ABBV,101
2022-09-01,BAC,94
2022-09-01,COST,210
2022-09-01,EUR,149
2022-09-01,FB,97
2022-09-01,GBP,170
2022-09-01,GOOGL,191
2022-09-01,GS,223
2022-09-01,INTC,187
2022-09-01,JNJ,112
2022-09-01,JPM,55
2022-09-01,JPY,134
2022-09-01,KO,55
2022-09-01,MS,155
2022-09-01,MSFT,247
2022-09-01,NVDA,126
2022-09-01,PFE,56
2022-09-01,PG,226
2022-09-01,QQQ,161
2022-09-01,SPY,58
2022-09-01,UNH,183
2022-09-01,VUG,172
2022-09-01,WMT,229
2022-09-01,XLF,80
2022-09-01,XLV,96
2022-10-01,AAPL,56
2022-10-01,ABBV,101
2022-10-01,BAC,94
2022-10-01,COST,210
2022-10-01,EUR,149
2022-10-01,FB,97
2022-10-01,GBP,170
2022-10-01,GOOGL,191
2022-10-01,GS,223
2022-10-01,INTC,187
2022-10-01,JNJ,112
2022-10-01,JPM,55
2022-10-01,JPY,134
2022-10-01,KO,55
2022-10-01,MS,155
2022-10-01,MSFT,247
2022-10-01,NVDA,126
2022-10-01,PFE,56
2022-10-01,PG,226
2022-10-01,QQQ,161
2022-10-01,SPY,58
2022-10-01,UNH,183
2022-10-01,VUG,172
2022-10-01,WMT,229
2022-10-01,XLF,80
2022-10-01,XLV,96
2022-11-01,AAPL,56
2022-11-01,ABBV,101
2022-11-01,BAC,94
2022-11-01,COST,210
2022-11-01,EUR,149
2022-11-01,GBP,170
2022-11-01,GOOGL,191
2022-11-01,GS,223
2022-11-01,INTC,187
2022-11-01,JNJ,112
2022-11-01,JPM,55
2022-11-01,JPY,134
2022-11-01,KO,55
2022-11-01,META,97
2022-11-01,MS,155
2022-11-01,MSFT,247
2022-11-01,NVDA,126
2022-11-01,PFE,56
2022-11-01,PG,226
2022-11-01,QQQ,161
2022-11-01,SPY,58
2022-11-01,UNH,183
2022-11-01,VUG,172
2022-11-01,WMT,229
2022-11-01,XLF,80
2022-11-01,XLV,96
2022-12-01,AAPL,56
2022-12-01,ABBV,101
2022-12-01,BAC,94
2022-12-01,COST,210
2022-12-01,EUR,149
2022-12-01,GBP,170
2022-12-01,GOOGL,191
2022-12-01,GS,223
2022-12-01,INTC,187
2022-12-01,JNJ,112
2022-12-01,JPM,55
2022-12-01,JPY,134
2022-12-01,KO,55
2022-12-01,META,97
2022-12-01,MS,121
2022-12-01,MSFT,247
2022-12-01,NVDA,126
2022-12-01,PFE,56
2022-12-01,PG,226
2022-12-01,QQQ,161
2022-12-01,SPY,58
2022-12-01,UNH,183
2022-12-01,VUG,172
2022-12-01,WMT,229
2022-12-01,XLF,80
2022-12-01,XLV,96
2023-01-01,AAPL,56
2023-01-01,ABBV,101
2023-01-01,BAC,94
2023-01-01,COST,210
2023-01-01,EUR,149
2023-01-01,GBP,170
2023-01-01,GOOGL,191
2023-01-01,GS,223
2023-01-01,INTC,187
2023-01-01,JNJ,112
2023-01-01,JPM,117
2023-01-01,JPY,134
2023-01-01,KO,55
2023-01-01,META,97
2023-01-01,MS,121
2023-01-01,MSFT,247
2023-01-01,NVDA,152
2023-01-01,PFE,56
2023-01-01,PG,226
2023-01-01,QQQ,161
2023-01-01,SPY,58
2023-01-01,UNH,183
2023-01-01,VUG,172
2023-01-01,WMT,229
2023-01-01,XLF,80
2023-01-01,XLV,96
2023-02-01,AAPL,56
2023-02-01,ABBV,101
2023-02-01,BAC,94
2023-02-01,COST,210
2023-02-01,EUR,68
2023-02-01,GBP,170
2023-02-01,GOOGL,191
2023-02-01,GS,223
2023-02-01,INTC,215
2023-02-01,JNJ,112
2023-02-01,JPM,117
2023-02-01,JPY,134
2023-02-01,KO,55
2023-02-01,META,97
2023-02-01,MS,121
2023-02-01,MSFT,66
2023-02-01,NVDA,152
2023-02-01,PFE,56
2023-02-01,PG,226
2023-02-01,QQQ,161
2023-02-01,SPY,58
2023-02-01,UNH,183
2023-02-01,VUG,172
2023-02-01,WMT,229
2023-02-01,XLF,80
2023-02-01,XLV,96
2023-03-01,AAPL,56
2023-03-01,ABBV,101
2023-03-01,BAC,94
2023-03-01,COST,210
2023-03-01,EUR,68
2023-03-01,GBP,170
2023-03-01,GOOGL,191
2023-03-01,GS,223
2023-03-01,INTC,215
2023-03-01,JNJ,112
2023-03-01,JPM,117
2023-03-01,JPY,155
2023-03-01,KO,55
2023-03-01,META,97
2023-03-01,MS,121
2023-03-01,MSFT,66
2023-03-01,NVDA,152
2023-03-01,PFE,56
2023-03-01,PG,226
2023-03-01,QQQ,226
2023-03-01,SPY,58
2023-03-01,UNH,183
2023-03-01,VUG,172
2023-03-01,WMT,229
2023-03-01,XLF,80
2023-03-01,XLV,96
2023-04-01,AAPL,56
2023-04-01,ABBV,101
2023-04-01,BAC,94
2023-04-01,COST,210
2023-04-01,EUR,68
2023-04-01,GBP,170
2023-04-01,GOOGL,191
2023-04-01,GS,223
2023-04-01,INTC,215
2023-04-01,JNJ,112
2023-04-01,JPM,117
2023-04-01,JPY,155
2023-04-01,KO,55
2023-04-01,META,97
2023-04-01,MS,121
2023-04-01,MSFT,66
2023-04-01,NVDA,152
2023-04-01,PFE,56
2023-04-01,PG,226
2023-04-01,QQQ,226
2023-04-01,SPY,58
2023-04-01,UNH,183
2023-04-01,VUG,172
2023-04-01,WMT,229
2023-04-01,XLF,80
2023-04-01,XLV,96
2023-05-01,AAPL,56
2023-05-01,ABBV,101
2023-05-01,BAC,94
2023-05-01,COST,210
2023-05-01,EUR,68
2023-05-01,GBP,170
2023-05-01,GOOGL,191
2023-05-01,GS,54
2023-05-01,INTC,215
2023-05-01,JNJ,112
2023-05-01,JPM,117
2023-05-01,JPY,230
2023-05-01,KO,55
2023-05-01,META,97
2023-05-01,MS,121
2023-05-01,MSFT,66
2023-05-01,NVDA,152
2023-05-01,PFE,56
2023-05-01,PG,226
2023-05-01,QQQ,226
2023-05-01,SPY,58
2023-05-01,UNH,183
2023-05-01,VUG,172
2023-05-01,WMT,229
2023-05-01,XLF,80
2023-05-01,XLV,96
2023-06-01,AAPL,56
2023-06-01,ABBV,101
2023-06-01,BAC,94
2023-06-01,COST,127
2023-06-01,EUR,68
2023-06-01,GBP,170
2023-06-01,GOOGL,191
2023-06-01,GS,54
2023-06-01,INTC,215
2023-06-01,JNJ,112
2023-06-01,JPM,117
2023-06-01,JPY,230
2023-06-01,KO,55
2023-06-01,META,97
2023-06-01,MS,121
2023-06-01,MSFT,66
2023-06-01,NVDA,152
2023-06-01,PFE,56
2023-06-01,PG,226
2023-06-01,QQQ,226
2023-06-01,SPY,58
2023-06-01,UNH,183
2023-06-01,VUG,172
2023-06-01,WMT,229
2023-06-01,XLF,80
2023-06-01,XLV,96
2023-07-01,AAPL,56
2023-07-01,ABBV,101
2023-07-01,BAC,94
2023-07-01,COST,127
2023-07-01,EUR,68
2023-07-01,GBP,170
2023-07-01,GOOGL,191
2023-07-01,GS,54
2023-07-01,INTC,215
2023-07-01,JNJ,112
2023-07-01,JPM,53
2023-07-01,JPY,230
2023-07-01,KO,55
2023-07-01,META,97
2023-07-01,MS,121
2023-07-01,MSFT,66
2023-07-01,NVDA,152
2023-07-01,PFE,208
2023-07-01,PG,214
2023-07-01,QQQ,226
2023-07-01,SPY,58
2023-07-01,UNH,183
2023-07-01,VUG,172
2023-07-01,WMT,229
2023-07-01,XLF,80
2023-07-01,XLV,96
2023-08-01,AAPL,56
2023-08-01,ABBV,86
2023-08-01,BAC,94
2023-08-01,COST,127
2023-08-01,EUR,68
2023-08-01,GBP,170
2023-08-01,GOOGL,191
2023-08-01,GS,54
2023-08-01,INTC,215
2023-08-01,JNJ,112
2023-08-01,JPM,53
2023-08-01,JPY,230
2023-08-01,KO,55
2023-08-01,META,97
2023-08-01,MS,121
2023-08-01,MSFT,66
2023-08-01,NVDA,152
2023-08-01,PFE,208
2023-08-01,PG,214
2023-08-01,QQQ,226
2023-08-01,SPY,58
2023-08-01,UNH,183
2023-08-01,VUG,172
2023-08-01,WMT,229
2023-08-01,XLF,80
2023-08-01,XLV,96
2023-09-01,AAPL,56
2023-09-01,ABBV,86
2023-09-01,BAC,94
2023-09-01,COST,127
2023-09-01,EUR,68
2023-09-01,GBP,170
2023-09-01,GOOGL,191
2023-09-01,GS,54
2023-09-01,INTC,215
2023-09-01,JNJ,112
2023-09-01,JPM,53
2023-09-01,JPY,230
2023-09-01,KO,55
2023-09-01,META,97
2023-09-01,MS,121
2023-09-01,MSFT,66
2023-09-01,NVDA,152
2023-09-01,PFE,208
2023-09-01,PG,214
2023-09-01,QQQ,226
2023-09-01,SPY,58
2023-09-01,UNH,183
2023-09-01,VUG,172
2023-09-01,WMT,229
2023-09-01,XLF,80
2023-09-01,XLV,96
2023-10-01,AAPL,56
2023-10-01,ABBV,86
2023-10-01,BAC,94
2023-10-01,COST,127
2023-10-01,EUR,68
2023-10-01,GBP,170
2023-10-01,GOOGL,191
2023-10-01,GS,54
2023-10-01,INTC,215
2023-10-01,JNJ,112
2023-10-01,JPM,53
2023-10-01,JPY,230
2023-10-01,KO,55
2023-10-01,META,97
2023-10-01,MS,121
2023-10-01,MSFT,66
2023-10-01,NVDA,152
2023-10-01,PFE,208
2023-10-01,PG,214
2023-10-01,QQQ,226
2023-10-01,SPY,58
2023-10-01,UNH,183
2023-10-01,VUG,172
2023-10-01,WMT,229
2023-10-01,XLF,80
2023-10-01,XLV,96
2023-11-01,AAPL,56
2023-11-01,ABBV,86
2023-11-01,BAC,94
2023-11-01,COST,127
2023-11-01,EUR,68
2023-11-01,GBP,170
2023-11-01,GOOGL,191
2023-11-01,GS,54
2023-11-01,INTC,215
2023-11-01,JNJ,112
2023-11-01,JPM,53
2023-11-01,JPY,230
2023-11-01,KO,55
2023-11-01,META,97
2023-11-01,MS,121
2023-11-01,MSFT,66
2023-11-01,NVDA,152
2023-11-01,PFE,208
2023-11-01,PG,214
2023-11-01,QQQ,226
2023-11-01,SPY,58
2023-11-01,UNH,183
2023-11-01,VUG,172
2023-11-01,WMT,229
2023-11-01,XLF,80
2023-11-01,XLV,96
2023-12-01,AAPL,56
2023-12-01,ABBV,86
2023-12-01,BAC,94
2023-12-01,COST,127
2023-12-01,EUR,68
2023-12-01,GBP,170
2023-12-01,GOOGL,191
2023-12-01,GS,54
2023-12-01,INTC,215
2023-12-01,JNJ,112
2023-12-01,JPM,53
2023-12-01,JPY,230
2023-12-01,KO,55
2023-12-01,META,97
2023-12-01,MS,121
2023-12-01,MSFT,66
2023-12-01,NVDA,152
2023-12-01,PFE,208
2023-12-01,PG,214
2023-12-01,QQQ,226
2023-12-01,SPY,58
2023-12-01,UNH,183
2023-12-01,VUG,172
2023-12-01,WMT,229
2023-12-01,XLF,80
2023-12-01,XLV,96
2024-01-01,AAPL,56
2024-01-01,ABBV,86
2024-01-01,BAC,94
2024-01-01,COST,127
2024-01-01,EUR,68
2024-01-01,GBP,170
2024-01-01,GOOGL,191
2024-01-01,GS,54
2024-01-01,INTC,215
2024-01-01,JNJ,112
2024-01-01,JPM,53
2024-01-01,JPY,230
2024-01-01,KO,55
2024-01-01,META,97
2024-01-01,MS,121
2024-01-01,MSFT,66
2024-01-01,NVDA,152
2024-01-01,PFE,208
2024-01-01,PG,59
2024-01-01,QQQ,226
2024-01-01,SPY,58
2024-01-01,UNH,183
2024-01-01,VUG,172
2024-01-01,WMT,229
2024-01-01,XLF,80
2024-01-01,XLV,96
2024-02-01,AAPL,56
2024-02-01,ABBV,86
2024-02-01,BAC,94
2024-02-01,COST,127
2024-02-01,EUR,68
2024-02-01,GBP,170
2024-02-01,GOOGL,191
2024-02-01,GS,54
2024-02-01,INTC,215
2024-02-01,JNJ,112
2024-02-01,JPM,53
2024-02-01,JPY,230
2024-02-01,KO,55
2024-02-01,META,97
2024-02-01,MS,121
2024-02-01,MSFT,66
2024-02-01,NVDA,152
2024-02-01,PFE,208
2024-02-01,PG,59
2024-02-01,QQQ,226
2024-02-01,SPY,58
2024-02-01,UNH,183
2024-02-01,VUG,172
2024-02-01,WMT,229
2024-02-01,XLF,80
2024-02-01,XLV,96
2024-03-01,AAPL,56
2024-03-01,ABBV,86
2024-03-01,BAC,94
2024-03-01,COST,160
2024-03-01,EUR,68
2024-03-01,GBP,170
2024-03-01,GOOGL,191
2024-03-01,GS,54
2024-03-01,INTC,215
2024-03-01,JNJ,112
2024-03-01,JPM,53
2024-03-01,JPY,230
2024-03-01,KO,55
2024-03-01,META,97
2024-03-01,MS,121
2024-03-01,MSFT,66
2024-03-01,NVDA,152
2024-03-01,PFE,208
2024-03-01,PG,59
2024-03-01,QQQ,226
2024-03-01,SPY,58
2024-03-01,UNH,183
2024-03-01,VUG,172
2024-03-01,WMT,229
2024-03-01,XLF,80
2024-03-01,XLV,237
2024-04-01,AAPL,56
2024-04-01,ABBV,86
2024-04-01,BAC,94
2024-04-01,COST,160
2024-04-01,EUR,68
2024-04-01,GBP,170
2024-04-01,GOOGL,191
2024-04-01,GS,54
2024-04-01,INTC,215
2024-04-01,JNJ,112
2024-04-01,JPM,53
2024-04-01,JPY,230
2024-04-01,KO,55
2024-04-01,META,97
2024-04-01,MS,121
2024-04-01,MSFT,66
2024-04-01,NVDA,152
2024-04-01,PFE,208
2024-04-01,PG,59
2024-04-01,QQQ,226
2024-04-01,SPY,58
2024-04-01,UNH,183
2024-04-01,VUG,172
2024-04-01,WMT,229
2024-04-01,XLF,80
2024-04-01,XLV,237
2024-05-01,AAPL,147
2024-05-01,ABBV,86
2024-05-01,BAC,124
2024-05-01,COST,160
2024-05-01,EUR,68
2024-05-01,GBP,170
2024-05-01,GOOGL,191
2024-05-01,GS,54
2024-05-01,INTC,215
2024-05-01,JNJ,112
2024-05-01,JPM,53
2024-05-01,JPY,230
2024-05-01,KO,55
2024-05-01,META,97
2024-05-01,MS,121
2024-05-01,MSFT,66
2024-05-01,NVDA,152
2024-05-01,PFE,208
2024-05-01,PG,59
2024-05-01,QQQ,226
2024-05-01,SPY,58
2024-05-01,UNH,183
2024-05-01,VUG,172
2024-05-01,WMT,229
2024-05-01,XLF,80
2024-05-01,XLV,237
2024-06-01,AAPL,147
2024-06-01,ABBV,86
2024-06-01,BAC,124
2024-06-01,COST,160
2024-06-01,EUR,68
2024-06-01,GBP,170
2024-06-01,GOOGL,129
2024-06-01,GS,54
2024-06-01,INTC,215
2024-06-01,JNJ,112
2024-06-01,JPM,53
2024-06-01,JPY,230
2024-06-01,KO,55
2024-06-01,META,97
2024-06-01,MS,121
2024-06-01,MSFT,66
2024-06-01,NVDA,152
2024-06-01,PFE,208
2024-06-01,PG,59
2024-06-01,QQQ,226
2024-06-01,SPY,58
2024-06-01,UNH,183
2024-06-01,VUG,172
2024-06-01,WMT,229
2024-06-01,XLF,80
2024-06-01,XLV,237
2024-07-01,AAPL,147
2024-07-01,ABBV,86
2024-07-01,BAC,124
2024-07-01,COST,160
2024-07-01,EUR,68
2024-07-01,GBP,170
2024-07-01,GOOGL,129
2024-07-01,GS,54
2024-07-01,INTC,215
2024-07-01,JNJ,112
2024-07-01,JPM,53
2024-07-01,JPY,230
2024-07-01,KO,55
2024-07-01,META,97
2024-07-01,MS,121
2024-07-01,MSFT,66
2024-07-01,NVDA,152
2024-07-01,PFE,208
2024-07-01,PG,59
2024-07-01,QQQ,226
2024-07-01,SPY,58
2024-07-01,UNH,72
2024-07-01,VUG,172
2024-07-01,WMT,229
2024-07-01,XLF,80
2024-07-01,XLV,237
2024-08-01,AAPL,147
2024-08-01,ABBV,86
2024-08-01,BAC,124
2024-08-01,COST,160
2024-08-01,EUR,68
2024-08-01,GBP,170
2024-08-01,GOOGL,129
2024-08-01,GS,54
2024-08-01,INTC,215
2024-08-01,JNJ,112
2024-08-01,JPM,53
2024-08-01,JPY,230
2024-08-01,KO,55
2024-08-01,META,97
2024-08-01,MS,121
2024-08-01,MSFT,66
2024-08-01,NVDA,152
2024-08-01,PFE,208
2024-08-01,PG,59
2024-08-01,QQQ,226
2024-08-01,SPY,58
2024-08-01,UNH,72
2024-08-01,VUG,172
2024-08-01,WMT,229
2024-08-01,XLF,80
2024-08-01,XLV,237
2024-09-01,AAPL,147
2024-09-01,ABBV,86
2024-09-01,BAC,124
2024-09-01,COST,160
2024-09-01,EUR,68
2024-09-01,GBP,170
2024-09-01,GOOGL,129
2024-09-01,GS,54
2024-09-01,INTC,215
2024-09-01,JNJ,112
2024-09-01,JPM,53
2024-09-01,JPY,230
2024-09-01,KO,55
2024-09-01,META,97
2024-09-01,MS,121
2024-09-01,MSFT,66
2024-09-01,NVDA,152
2024-09-01,PFE,208
2024-09-01,PG,59
2024-09-01,QQQ,226
2024-09-01,SPY,58
2024-09-01,UNH,72
2024-09-01,VUG,172
2024-09-01,WMT,229
2024-09-01,XLF,80
2024-09-01,XLV,237
2024-10-01,AAPL,147
2024-10-01,ABBV,86
2024-10-01,BAC,124
2024-10-01,COST,160
2024-10-01,EUR,68
2024-10-01,GBP,170
2024-10-01,GOOGL,129
2024-10-01,GS,54
2024-10-01,INTC,215
2024-10-01,JNJ,112
2024-10-01,JPM,53
2024-10-01,JPY,230
2024-10-01,KO,55
2024-10-01,META,97
2024-10-01,MS,121
2024-10-01,MSFT,66
2024-10-01,NVDA,152
2024-10-01,PFE,208
2024-10-01,PG,59
2024-10-01,QQQ,226
2024-10-01,SPY,58
2024-10-01,UNH,72
2024-10-01,VUG,172
2024-10-01,WMT,229
2024-10-01,XLF,80
2024-10-01,XLV,237
2024-11-01,AAPL,147
2024-11-01,ABBV,86
2024-11-01,BAC,124
2024-11-01,COST,160
2024-11-01,EUR,68
2024-11-01,GBP,170
2024-11-01,GOOGL,129
2024-11-01,GS,54
2024-11-01,INTC,215
2024-11-01,JNJ,112
2024-11-01,JPM,53
2024-11-01,JPY,230
2024-11-01,KO,55
2024-11-01,META,97
2024-11-01,MS,121
2024-11-01,MSFT,66
2024-11-01,NVDA,152
2024-11-01,PFE,208
2024-11-01,PG,59
2024-11-01,QQQ,226
2024-11-01,SPY,58
2024-11-01,UNH,72
2024-11-01,VUG,172
2024-11-01,WMT,229
2024-11-01,XLF,80
2024-11-01,XLV,237
2024-12-01,AAPL,147
2024-12-01,ABBV,86
2024-12-01,BAC,124
2024-12-01,COST,160
2024-12-01,EUR,68
2024-12-01,GBP,170
2024-12-01,GOOGL,129
2024-12-01,GS,54
2024-12-01,INTC,215
2024-12-01,JNJ,112
2024-12-01,JPM,199
2024-12-01,JPY,230
2024-12-01,KO,55
2024-12-01,META,97
2024-12-01,MS,121
2024-12-01,MSFT,66
2024-12-01,NVDA,152
2024-12-01,PFE,208
2024-12-01,PG,59
2024-12-01,QQQ,226
2024-12-01,SPY,58
2024-12-01,UNH,72
2024-12-01,VUG,172
2024-12-01,WMT,239
2024-12-01,XLF,80
2024-12-01,XLV,237
